types,base_experience
bug,130.54237288135593
dark,164.51904761904763
dragon,210.14444444444445
electric,153.51339285714286
fairy,164.4126984126984
fighting,178.88
fire,168.07246376811594
flying,158.2604501607717
ghost,159.7337278106509
grass,144.99088145896656
ground,155.6315789473684
ice,158.1283783783784
normal,139.7538860103627
poison,144.79916317991632
psychic,173.74647887323943
rock,149.88837209302326
steel,182.74054054054054
water,145.5584725536993
